Timestamp,VALCCG:D10_L02:PRES,BM_DCCT:LCUR
2024/10/21 08:56:32.136,N/A,1493.7107999999998
2024/10/21 08:56:32.461,3.428063044316951e-7,N/A
2024/10/21 08:56:33.136,N/A,1497.6379
2024/10/21 08:56:33.461,3.4337378178906046e-7,N/A
2024/10/21 08:56:34.136,N/A,1500.6923
2024/10/21 08:56:34.461,3.443048678641833e-7,N/A
2024/10/21 08:56:35.136,N/A,1501.1974
2024/10/21 08:56:35.461,3.439820752646255e-7,N/A
2024/10/21 08:56:36.136,N/A,1498.1620999999998
2024/10/21 08:56:36.462,3.4542778757618454e-7,N/A
2024/10/21 08:56:37.136,N/A,1495.8965
2024/10/21 08:56:37.461,3.45191031826352e-7,N/A
2024/10/21 08:56:38.136,N/A,1492.5662999999997
2024/10/21 08:56:38.461,3.4212631815406004e-7,N/A
2024/10/21 08:56:39.136,N/A,1491.5430999999999
2024/10/21 08:56:39.461,3.433984603514129e-7,N/A
2024/10/21 08:56:40.136,N/A,1494.4298999999999
2024/10/21 08:56:40.461,3.438357629643289e-7,N/A
2024/10/21 08:56:41.136,N/A,1498.4065999999998
2024/10/21 08:56:41.461,3.4402141520437484e-7,N/A
2024/10/21 08:56:42.136,N/A,1502.1034
2024/10/21 08:56:42.461,3.436895128977672e-7,N/A
2024/10/21 08:56:43.136,N/A,1502.1145
2024/10/21 08:56:43.461,3.451883156022047e-7,N/A
2024/10/21 08:56:44.136,N/A,1499.8700999999999
2024/10/21 08:56:44.461,3.425983027143372e-7,N/A
2024/10/21 08:56:45.136,N/A,1497.1248
2024/10/21 08:56:45.461,3.427572139943732e-7,N/A
2024/10/21 08:56:46.136,N/A,1494.1976
2024/10/21 08:56:46.462,3.435296287466373e-7,N/A
2024/10/21 08:56:47.136,N/A,1492.4491999999998
2024/10/21 08:56:47.461,3.4374144167865266e-7,N/A
2024/10/21 08:56:48.136,N/A,1496.1551
2024/10/21 08:56:48.461,3.453533197241487e-7,N/A
2024/10/21 08:56:49.136,N/A,1500.1095
2024/10/21 08:56:49.461,3.4355251627731154e-7,N/A
2024/10/21 08:56:50.136,N/A,1500.8085
2024/10/21 08:56:50.461,3.4516115453623084e-7,N/A
2024/10/21 08:56:51.136,N/A,1497.7147
2024/10/21 08:56:51.462,3.436491292696245e-7,N/A
2024/10/21 08:56:52.136,N/A,1495.5076999999999
2024/10/21 08:56:52.461,3.4462326294364394e-7,N/A
2024/10/21 08:56:53.136,N/A,1492.8522
2024/10/21 08:56:53.461,3.431953203234511e-7,N/A
2024/10/21 08:56:54.136,N/A,1491.7744999999998
2024/10/21 08:56:54.461,3.424477285983767e-7,N/A
2024/10/21 08:56:55.136,N/A,1494.6056999999998
2024/10/21 08:56:55.461,3.4371655815883336e-7,N/A
2024/10/21 08:56:56.136,N/A,1499.0105999999998
2024/10/21 08:56:56.462,3.4373819589999596e-7,N/A
2024/10/21 08:56:57.136,N/A,1503.0770999999997
2024/10/21 08:56:57.461,3.4128024585089747e-7,N/A
2024/10/21 08:56:58.136,N/A,1503.1275999999998
2024/10/21 08:56:58.461,3.4266804203022645e-7,N/A
2024/10/21 08:56:59.136,N/A,1500.5013999999999
2024/10/21 08:56:59.461,3.4415877934594673e-7,N/A
2024/10/21 08:57:00.136,N/A,1497.9600999999998
2024/10/21 08:57:00.461,3.435728820550999e-7,N/A
2024/10/21 08:57:01.136,N/A,1494.7743999999998
2024/10/21 08:57:01.461,3.42861337235003e-7,N/A
2024/10/21 08:57:02.136,N/A,1493.1177999999998
2024/10/21 08:57:02.462,3.4490160259842254e-7,N/A
2024/10/21 08:57:03.136,N/A,1497.8025
2024/10/21 08:57:03.461,3.438772508816528e-7,N/A
2024/10/21 08:57:04.136,N/A,1500.9256999999998
2024/10/21 08:57:04.461,3.450195894554671e-7,N/A
2024/10/21 08:57:05.136,N/A,1501.6812
2024/10/21 08:57:05.461,3.454428280448617e-7,N/A
2024/10/21 08:57:06.136,N/A,1498.9883999999997
2024/10/21 08:57:06.461,3.4230925167820513e-7,N/A
2024/10/21 08:57:07.136,N/A,1495.8682999999999
2024/10/21 08:57:07.461,3.4399254141485414e-7,N/A
2024/10/21 08:57:08.136,N/A,1493.0006999999998
2024/10/21 08:57:08.461,3.4070872159656436e-7,N/A
2024/10/21 08:57:09.136,N/A,1492.5835
2024/10/21 08:57:09.461,3.4385307905162327e-7,N/A
2024/10/21 08:57:10.136,N/A,1496.0631999999998
2024/10/21 08:57:10.461,3.456647057093915e-7,N/A
2024/10/21 08:57:11.136,N/A,1499.9732
2024/10/21 08:57:11.461,3.445117369699777e-7,N/A
2024/10/21 08:57:12.136,N/A,1503.7205
2024/10/21 08:57:12.461,3.420252888645385e-7,N/A
2024/10/21 08:57:13.136,N/A,1504.6114
2024/10/21 08:57:13.461,3.449920797095722e-7,N/A
2024/10/21 08:57:14.136,N/A,1502.0538999999999
2024/10/21 08:57:14.461,3.435820740847177e-7,N/A
2024/10/21 08:57:15.136,N/A,1499.3266999999998
2024/10/21 08:57:15.461,3.443204013155508e-7,N/A
2024/10/21 08:57:16.136,N/A,1496.0197999999998
2024/10/21 08:57:16.461,3.461168775656953e-7,N/A
2024/10/21 08:57:17.136,N/A,1493.637
2024/10/21 08:57:17.461,3.4653219100447866e-7,N/A
2024/10/21 08:57:18.136,N/A,1492.0714
2024/10/21 08:57:18.461,3.46261980811429e-7,N/A
2024/10/21 08:57:19.136,N/A,1496.5298999999998
2024/10/21 08:57:19.461,3.442380458916559e-7,N/A
2024/10/21 08:57:20.136,N/A,1499.5711999999999
2024/10/21 08:57:20.461,3.4412863035009355e-7,N/A
2024/10/21 08:57:21.136,N/A,1504.1397
2024/10/21 08:57:21.461,3.414530542893451e-7,N/A
2024/10/21 08:57:22.136,N/A,1503.1104
2024/10/21 08:57:22.461,3.426331705979461e-7,N/A
2024/10/21 08:57:23.136,N/A,1501.0458999999998
2024/10/21 08:57:23.461,3.416917274136409e-7,N/A
2024/10/21 08:57:24.136,N/A,1498.3379
2024/10/21 08:57:24.461,3.4432509761322667e-7,N/A
2024/10/21 08:57:25.136,N/A,1495.6429999999998
2024/10/21 08:57:25.461,3.4356477164495474e-7,N/A
2024/10/21 08:57:26.136,N/A,1492.3632999999998
2024/10/21 08:57:26.462,3.4553072821569783e-7,N/A
2024/10/21 08:57:27.136,N/A,1491.1946999999998
2024/10/21 08:57:27.461,3.4457825054829023e-7,N/A
2024/10/21 08:57:28.136,N/A,1495.841
2024/10/21 08:57:28.461,3.4411382761834563e-7,N/A
2024/10/21 08:57:29.136,N/A,1499.0742
2024/10/21 08:57:29.461,3.4394743097015115e-7,N/A
2024/10/21 08:57:30.136,N/A,1502.6518999999998
2024/10/21 08:57:30.461,3.448847764731292e-7,N/A
2024/10/21 08:57:31.136,N/A,1502.5468
2024/10/21 08:57:31.461,3.4280198850699e-7,N/A
2024/10/21 08:57:32.136,N/A,1500.2015
2024/10/21 08:57:32.461,3.4560033926725174e-7,N/A
2024/10/21 08:57:33.136,N/A,1497.6399
2024/10/21 08:57:33.461,3.4597219811041556e-7,N/A
2024/10/21 08:57:34.136,N/A,1494.3653
2024/10/21 08:57:34.461,3.4615991185865987e-7,N/A
2024/10/21 08:57:35.136,N/A,1493.2481
2024/10/21 08:57:35.461,3.4499407047281984e-7,N/A
2024/10/21 08:57:36.136,N/A,1497.6995
2024/10/21 08:57:36.461,3.481549638249989e-7,N/A
2024/10/21 08:57:37.136,N/A,1501.4489
2024/10/21 08:57:37.461,3.4459885790318947e-7,N/A
2024/10/21 08:57:38.136,N/A,1501.0711
2024/10/21 08:57:38.461,3.443567089756671e-7,N/A
2024/10/21 08:57:39.136,N/A,1498.3953999999999
2024/10/21 08:57:39.461,3.430245092496643e-7,N/A
2024/10/21 08:57:40.136,N/A,1495.7197999999999
2024/10/21 08:57:40.461,3.419709284345533e-7,N/A
2024/10/21 08:57:41.136,N/A,1493.229
2024/10/21 08:57:41.461,3.4230170979687504e-7,N/A
2024/10/21 08:57:42.136,N/A,1491.831
2024/10/21 08:57:42.461,3.4255373450458886e-7,N/A
2024/10/21 08:57:43.136,N/A,1494.935
2024/10/21 08:57:43.461,3.453161823925329e-7,N/A
2024/10/21 08:57:44.136,N/A,1499.1631
2024/10/21 08:57:44.461,3.4432274945638206e-7,N/A
2024/10/21 08:57:45.136,N/A,1503.3386999999998
2024/10/21 08:57:45.461,3.446655691082347e-7,N/A
2024/10/21 08:57:46.136,N/A,1504.171
2024/10/21 08:57:46.461,3.4519429132354333e-7,N/A
2024/10/21 08:57:47.136,N/A,1501.2539
2024/10/21 08:57:47.461,3.4304916270950563e-7,N/A
2024/10/21 08:57:48.136,N/A,1498.5278
2024/10/21 08:57:48.461,3.447104120798045e-7,N/A
2024/10/21 08:57:49.136,N/A,1496.5287999999998
2024/10/21 08:57:49.463,3.418848305859598e-7,N/A
2024/10/21 08:57:50.136,N/A,1493.9956
2024/10/21 08:57:50.461,3.4655945995864176e-7,N/A
2024/10/21 08:57:51.136,N/A,1493.0572
2024/10/21 08:57:51.461,3.465547331861886e-7,N/A
2024/10/21 08:57:52.136,N/A,1495.9814
2024/10/21 08:57:52.461,3.463568120291054e-7,N/A
2024/10/21 08:57:53.136,N/A,1500.5236999999997
2024/10/21 08:57:53.461,3.4564512253721213e-7,N/A
2024/10/21 08:57:54.136,N/A,1501.2438
2024/10/21 08:57:54.461,3.443352129334719e-7,N/A
2024/10/21 08:57:55.136,N/A,1498.7975
2024/10/21 08:57:55.461,3.436893326031673e-7,N/A
2024/10/21 08:57:56.136,N/A,1495.7934999999998
2024/10/21 08:57:56.461,3.4359685394204225e-7,N/A
2024/10/21 08:57:57.136,N/A,1493.3036999999997
2024/10/21 08:57:57.461,3.4709363654752885e-7,N/A
2024/10/21 08:57:58.136,N/A,1492.4381
2024/10/21 08:57:58.461,3.461143356229205e-7,N/A
2024/10/21 08:57:59.136,N/A,1495.5662
2024/10/21 08:57:59.461,3.4418513931470536e-7,N/A
2024/10/21 08:58:00.136,N/A,1499.9933999999998
2024/10/21 08:58:00.461,3.4191352746002005e-7,N/A
2024/10/21 08:58:01.136,N/A,1503.2033999999999
2024/10/21 08:58:01.462,3.433964787955177e-7,N/A
2024/10/21 08:58:02.136,N/A,1503.6195
2024/10/21 08:58:02.461,3.42643056468311e-7,N/A
2024/10/21 08:58:03.136,N/A,1501.562
2024/10/21 08:58:03.461,3.4313609378780295e-7,N/A
2024/10/21 08:58:04.136,N/A,1498.8894
2024/10/21 08:58:04.461,3.4402412224639495e-7,N/A
2024/10/21 08:58:05.136,N/A,1496.4076
2024/10/21 08:58:05.461,3.460700361895709e-7,N/A
2024/10/21 08:58:06.136,N/A,1493.8108
2024/10/21 08:58:06.462,3.4407953105268046e-7,N/A
2024/10/21 08:58:07.136,N/A,1493.0794999999998
2024/10/21 08:58:07.461,3.442550210557258e-7,N/A
2024/10/21 08:58:08.136,N/A,1496.7368999999999
2024/10/21 08:58:08.461,3.4565799653472086e-7,N/A
2024/10/21 08:58:09.136,N/A,1500.2943999999998
2024/10/21 08:58:09.461,3.405689826454807e-7,N/A
2024/10/21 08:58:10.136,N/A,1499.3237
2024/10/21 08:58:10.461,3.4575502024677445e-7,N/A
2024/10/21 08:58:11.136,N/A,1496.5974999999999
2024/10/21 08:58:11.461,3.4214588144661556e-7,N/A
2024/10/21 08:58:12.136,N/A,1494.2431
2024/10/21 08:58:12.461,3.4391008399891453e-7,N/A
2024/10/21 08:58:13.136,N/A,1493.1238999999998
2024/10/21 08:58:13.461,3.4436989628749807e-7,N/A
2024/10/21 08:58:14.136,N/A,1496.8551
2024/10/21 08:58:14.461,3.439797294470534e-7,N/A
2024/10/21 08:58:15.136,N/A,1500.5407999999998
2024/10/21 08:58:15.461,3.432768860509529e-7,N/A
2024/10/21 08:58:16.136,N/A,1499.3630999999998
2024/10/21 08:58:16.461,3.4376867136217023e-7,N/A
2024/10/21 08:58:17.136,N/A,1497.1873999999998
2024/10/21 08:58:17.461,3.4374829397868854e-7,N/A
2024/10/21 08:58:18.136,N/A,1494.3894999999998
2024/10/21 08:58:18.461,3.4407086719801e-7,N/A
2024/10/21 08:58:19.136,N/A,1492.0765
2024/10/21 08:58:19.461,3.443344904007422e-7,N/A
2024/10/21 08:58:20.136,N/A,1495.7187999999999
2024/10/21 08:58:20.461,3.47148447075648e-7,N/A
2024/10/21 08:58:21.136,N/A,1499.4155999999998
2024/10/21 08:58:21.462,3.450916319455607e-7,N/A
2024/10/21 08:58:22.136,N/A,1502.7386999999999
2024/10/21 08:58:22.461,3.448002964039879e-7,N/A
2024/10/21 08:58:23.136,N/A,1501.0651
2024/10/21 08:58:23.461,3.4383522185065244e-7,N/A
2024/10/21 08:58:24.136,N/A,1498.1943999999999
2024/10/21 08:58:24.461,3.446505624811595e-7,N/A
2024/10/21 08:58:25.136,N/A,1495.3338999999999
2024/10/21 08:58:25.461,3.452540542268935e-7,N/A
2024/10/21 08:58:26.136,N/A,1492.8088
2024/10/21 08:58:26.461,3.448276099653147e-7,N/A
2024/10/21 08:58:27.136,N/A,1491.6764999999998
2024/10/21 08:58:27.461,3.461522851381923e-7,N/A
2024/10/21 08:58:28.136,N/A,1494.6672999999998
2024/10/21 08:58:28.461,3.4577025634980447e-7,N/A
2024/10/21 08:58:29.136,N/A,1498.4187
2024/10/21 08:58:29.461,3.447993920184344e-7,N/A
2024/10/21 08:58:30.136,N/A,1501.9812
2024/10/21 08:58:30.461,3.462249273922104e-7,N/A
2024/10/21 08:58:31.136,N/A,1500.6508999999999
2024/10/21 08:58:31.461,3.4313807384115675e-7,N/A
2024/10/21 08:58:32.136,N/A,1497.3823999999997
2024/10/21 08:58:32.461,3.448820626588306e-7,N/A
2024/10/21 08:58:33.136,N/A,1494.533
2024/10/21 08:58:33.461,3.45852252621828e-7,N/A
2024/10/21 08:58:34.136,N/A,1493.2713999999999
2024/10/21 08:58:34.461,3.4332208865215225e-7,N/A
2024/10/21 08:58:35.136,N/A,1497.4207
2024/10/21 08:58:35.461,3.44999680867412e-7,N/A
2024/10/21 08:58:36.136,N/A,1500.9579999999999
2024/10/21 08:58:36.461,3.4587765364107877e-7,N/A
2024/10/21 08:58:37.136,N/A,1501.8609999999999
2024/10/21 08:58:37.461,3.4589216934681586e-7,N/A
2024/10/21 08:58:38.136,N/A,1499.7196
2024/10/21 08:58:38.461,3.434831375132029e-7,N/A
2024/10/21 08:58:39.136,N/A,1496.8712999999998
2024/10/21 08:58:39.461,3.43758572684864e-7,N/A
2024/10/21 08:58:40.136,N/A,1494.1673
2024/10/21 08:58:40.461,3.446004848521161e-7,N/A
2024/10/21 08:58:41.136,N/A,1492.4986999999999
2024/10/21 08:58:41.461,3.456422214208776e-7,N/A
2024/10/21 08:58:42.136,N/A,1495.5248
2024/10/21 08:58:42.461,3.418916458754561e-7,N/A
2024/10/21 08:58:43.136,N/A,1499.9984
2024/10/21 08:58:43.461,3.453687193012573e-7,N/A
2024/10/21 08:58:44.136,N/A,1503.8165
2024/10/21 08:58:44.461,3.463806147444694e-7,N/A
2024/10/21 08:58:45.136,N/A,1504.7305999999999
2024/10/21 08:58:45.461,3.440246636573551e-7,N/A
2024/10/21 08:58:46.136,N/A,1501.4942999999998
2024/10/21 08:58:46.461,3.450195894554671e-7,N/A
2024/10/21 08:58:47.136,N/A,1498.7217
2024/10/21 08:58:47.461,3.4600759088227985e-7,N/A
2024/10/21 08:58:48.136,N/A,1495.9723
2024/10/21 08:58:48.461,3.4515119601419356e-7,N/A
2024/10/21 08:58:49.136,N/A,1493.0734
2024/10/21 08:58:49.461,3.4841696404429934e-7,N/A
2024/10/21 08:58:50.136,N/A,1492.4673999999998
2024/10/21 08:58:50.461,3.4713096503701033e-7,N/A
2024/10/21 08:58:51.136,N/A,1495.8601999999998
2024/10/21 08:58:51.462,3.461419348577525e-7,N/A
2024/10/21 08:58:52.136,N/A,1499.4569999999999
2024/10/21 08:58:52.461,3.44876816011737e-7,N/A
2024/10/21 08:58:53.136,N/A,1502.5316999999998
2024/10/21 08:58:53.461,3.4348547994419723e-7,N/A
2024/10/21 08:58:54.136,N/A,1502.5074
2024/10/21 08:58:54.461,3.4375839235403626e-7,N/A
2024/10/21 08:58:55.136,N/A,1499.8106
2024/10/21 08:58:55.461,3.435081843339037e-7,N/A
2024/10/21 08:58:56.136,N/A,1496.5066
2024/10/21 08:58:56.461,3.4569281312685404e-7,N/A
2024/10/21 08:58:57.136,N/A,1493.533
2024/10/21 08:58:57.461,3.46052063856145e-7,N/A
2024/10/21 08:58:58.136,N/A,1492.7703999999999
2024/10/21 08:58:58.461,3.4634463875347255e-7,N/A
2024/10/21 08:58:59.136,N/A,1496.0248
2024/10/21 08:58:59.461,3.4590741149348143e-7,N/A
2024/10/21 08:59:00.136,N/A,1499.8185999999998
2024/10/21 08:59:00.461,3.4652455608182075e-7,N/A
2024/10/21 08:59:01.136,N/A,1502.6559
2024/10/21 08:59:01.462,3.455055339216739e-7,N/A
2024/10/21 08:59:02.136,N/A,1500.5286999999998
2024/10/21 08:59:02.461,3.470386526217225e-7,N/A
2024/10/21 08:59:03.136,N/A,1498.347
2024/10/21 08:59:03.461,3.4350313878427757e-7,N/A
2024/10/21 08:59:04.136,N/A,1495.5036
2024/10/21 08:59:04.461,3.4559290616858e-7,N/A
2024/10/21 08:59:05.136,N/A,1492.7561999999998
2024/10/21 08:59:05.461,3.440266488381664e-7,N/A
2024/10/21 08:59:06.136,N/A,1490.5168999999999
2024/10/21 08:59:06.462,3.4716592999470743e-7,N/A
2024/10/21 08:59:07.136,N/A,1494.0289
2024/10/21 08:59:07.461,3.448896613926816e-7,N/A
2024/10/21 08:59:08.136,N/A,1497.6187
2024/10/21 08:59:08.461,3.4538792444188495e-7,N/A
2024/10/21 08:59:09.136,N/A,1501.3055
2024/10/21 08:59:09.461,3.4304916270950563e-7,N/A
2024/10/21 08:59:10.136,N/A,1501.2812
2024/10/21 08:59:10.461,3.4333937887003394e-7,N/A
2024/10/21 08:59:11.136,N/A,1497.9005
2024/10/21 08:59:11.461,3.465701863352731e-7,N/A
2024/10/21 08:59:12.136,N/A,1495.0005999999998
2024/10/21 08:59:12.461,3.456984348846053e-7,N/A
2024/10/21 08:59:13.136,N/A,1492.4169
2024/10/21 08:59:13.461,3.4665782781397115e-7,N/A
2024/10/21 08:59:14.136,N/A,1491.427
2024/10/21 08:59:14.461,3.4866087069419965e-7,N/A
2024/10/21 08:59:15.136,N/A,1494.7673
2024/10/21 08:59:15.461,3.4340602639728065e-7,N/A
2024/10/21 08:59:16.136,N/A,1497.9621
2024/10/21 08:59:16.462,3.4447703933040953e-7,N/A
2024/10/21 08:59:17.136,N/A,1501.0853
2024/10/21 08:59:17.461,3.4665510004796204e-7,N/A
2024/10/21 08:59:18.136,N/A,1500.2227
2024/10/21 08:59:18.461,3.43966557076284e-7,N/A
2024/10/21 08:59:19.136,N/A,1497.3763000000001
2024/10/21 08:59:19.461,3.4359469099638035e-7,N/A
2024/10/21 08:59:20.136,N/A,1494.7592
2024/10/21 08:59:20.461,3.451316419342201e-7,N/A
2024/10/21 08:59:21.136,N/A,1493.129
2024/10/21 08:59:21.461,3.4561502463942374e-7,N/A
2024/10/21 08:59:22.136,N/A,1496.3894999999998
2024/10/21 08:59:22.461,3.468728432755079e-7,N/A
2024/10/21 08:59:23.136,N/A,1500.9156
2024/10/21 08:59:23.461,3.4735155817841514e-7,N/A
2024/10/21 08:59:24.136,N/A,1500.3297
2024/10/21 08:59:24.461,3.4750155407948883e-7,N/A
2024/10/21 08:59:25.136,N/A,1497.6702
2024/10/21 08:59:25.462,3.4409613738392047e-7,N/A
2024/10/21 08:59:26.136,N/A,1494.942
2024/10/21 08:59:26.462,3.4438904588593167e-7,N/A
2024/10/21 08:59:27.136,N/A,1494.0289
2024/10/21 08:59:27.461,3.442008479273106e-7,N/A
2024/10/21 08:59:28.136,N/A,1496.9107
2024/10/21 08:59:28.461,3.4638479401597677e-7,N/A
2024/10/21 08:59:29.136,N/A,1500.5579999999998
2024/10/21 08:59:29.461,3.456978908395372e-7,N/A
2024/10/21 08:59:30.136,N/A,1500.2105
2024/10/21 08:59:30.461,3.449969661489587e-7,N/A
2024/10/21 08:59:31.136,N/A,1497.0884
2024/10/21 08:59:31.462,3.467429448962249e-7,N/A
2024/10/21 08:59:32.136,N/A,1494.8339999999998
2024/10/21 08:59:32.461,3.461700810806793e-7,N/A
2024/10/21 08:59:33.136,N/A,1493.5379999999998
2024/10/21 08:59:33.461,3.4725900493366953e-7,N/A
2024/10/21 08:59:34.136,N/A,1497.2339
2024/10/21 08:59:34.461,3.455080713932698e-7,N/A
2024/10/21 08:59:35.136,N/A,1500.0448999999999
2024/10/21 08:59:35.461,3.4609944747583687e-7,N/A
2024/10/21 08:59:36.136,N/A,-0.043400000000000105
2024/10/21 08:59:36.461,3.443325034435535e-7,N/A
2024/10/21 08:59:37.136,N/A,-0.021200000000000108
2024/10/21 08:59:37.461,5.256107198271486e-7,N/A
2024/10/21 08:59:38.136,N/A,-0.007099999999999995
2024/10/21 08:59:38.461,0.0000024938160385603094,N/A
2024/10/21 08:59:39.136,N/A,0
2024/10/21 08:59:39.461,0.000006052657140606671,N/A
2024/10/21 08:59:40.136,N/A,-0.008099999999999996
2024/10/21 08:59:40.461,0.000007124919655661165,N/A
2024/10/21 08:59:41.136,N/A,-0.005099999999999993
2024/10/21 08:59:41.462,0.000005726131989484155,N/A
2024/10/21 08:59:42.136,N/A,0.0009999999999998899
2024/10/21 08:59:42.461,0.0000038096617836321916,N/A
2024/10/21 08:59:43.136,N/A,0.0030000000000000027
2024/10/21 08:59:43.461,0.0000023625656525510716,N/A
2024/10/21 08:59:44.136,N/A,-0.0040000000000000036
2024/10/21 08:59:44.461,0.0000014593537892580843,N/A
2024/10/21 08:59:45.136,N/A,0.0009999999999998899
2024/10/21 08:59:45.461,9.400638435393836e-7,N/A
2024/10/21 08:59:46.136,N/A,0.008099999999999996
2024/10/21 08:59:46.462,6.550744824981082e-7,N/A
2024/10/21 08:59:47.136,N/A,-0.0010000000000000009
2024/10/21 08:59:47.461,5.044697233738686e-7,N/A
2024/10/21 08:59:48.136,N/A,0.008099999999999996
2024/10/21 08:59:48.461,4.2091405450262143e-7,N/A
2024/10/21 08:59:49.136,N/A,0.0009999999999998899
2024/10/21 08:59:49.461,3.752006546335858e-7,N/A
2024/10/21 08:59:50.136,N/A,-0.0010000000000000009
2024/10/21 08:59:50.461,3.436841041009248e-7,N/A
2024/10/21 08:59:51.136,N/A,0.0020000000000000018
2024/10/21 08:59:51.461,3.250813288650916e-7,N/A
2024/10/21 08:59:52.136,N/A,0.007099999999999995
2024/10/21 08:59:52.461,3.0785039747224893e-7,N/A
2024/10/21 08:59:53.136,N/A,0.006099999999999994
2024/10/21 08:59:53.461,2.932346951119304e-7,N/A
2024/10/21 08:59:54.136,N/A,0.0009999999999998899
2024/10/21 08:59:54.461,2.804911218787301e-7,N/A
2024/10/21 08:59:55.136,N/A,-0.005099999999999993
2024/10/21 08:59:55.461,2.704109100832644e-7,N/A
2024/10/21 08:59:56.136,N/A,-0.0010000000000000009
2024/10/21 08:59:56.462,2.6258173252572794e-7,N/A
2024/10/21 08:59:57.136,N/A,-0.0020000000000000018
2024/10/21 08:59:57.461,2.562471161125684e-7,N/A
2024/10/21 08:59:58.136,N/A,-0.0030000000000000027
2024/10/21 08:59:58.461,2.494950268459776e-7,N/A
2024/10/21 08:59:59.136,N/A,-0.006099999999999994
2024/10/21 08:59:59.461,2.4473304905295374e-7,N/A
2024/10/21 09:00:00.136,N/A,-0.006099999999999994
2024/10/21 09:00:00.461,2.4036516014907965e-7,N/A
2024/10/21 09:00:01.136,N/A,-0.0040000000000000036
2024/10/21 09:00:01.462,2.341010230516058e-7,N/A
2024/10/21 09:00:02.136,N/A,0.0050000000000000044
2024/10/21 09:00:02.461,2.296330766573427e-7,N/A
2024/10/21 09:00:03.136,N/A,-0.006099999999999994
2024/10/21 09:00:03.461,2.2510435285310147e-7,N/A
2024/10/21 09:00:04.136,N/A,-0.0010000000000000009
2024/10/21 09:00:04.461,2.2217380489636517e-7,N/A
2024/10/21 09:00:05.136,N/A,-0.005099999999999993
2024/10/21 09:00:05.461,2.187289572568058e-7,N/A
2024/10/21 09:00:06.136,N/A,0.0030000000000000027
2024/10/21 09:00:06.461,2.132778310000439e-7,N/A
2024/10/21 09:00:07.136,N/A,-0.006099999999999994
2024/10/21 09:00:07.461,2.106989679354077e-7,N/A
2024/10/21 09:00:08.136,N/A,0.0040000000000000036
2024/10/21 09:00:08.461,2.0904746547884096e-7,N/A
2024/10/21 09:00:09.136,N/A,-0.006099999999999994
2024/10/21 09:00:09.461,2.0540837477863672e-7,N/A
2024/10/21 09:00:10.136,N/A,0.007099999999999995
2024/10/21 09:00:10.461,2.0253397752842693e-7,N/A
2024/10/21 09:00:11.136,N/A,-0.005099999999999993
2024/10/21 09:00:11.461,1.977340409682373e-7,N/A
2024/10/21 09:00:12.136,N/A,-0.0010000000000000009
2024/10/21 09:00:12.461,1.953807757118601e-7,N/A
2024/10/21 09:00:13.136,N/A,0.007099999999999995
2024/10/21 09:00:13.461,1.9158932601715244e-7,N/A
2024/10/21 09:00:14.136,N/A,0.008099999999999996
2024/10/21 09:00:14.461,1.8864351801379592e-7,N/A
2024/10/21 09:00:15.136,N/A,0
2024/10/21 09:00:15.461,1.8726963471615426e-7,N/A
2024/10/21 09:00:16.136,N/A,0.0020000000000000018
2024/10/21 09:00:16.461,1.8424377633395687e-7,N/A
2024/10/21 09:00:17.136,N/A,0.0020000000000000018
2024/10/21 09:00:17.461,1.8277174484772192e-7,N/A
2024/10/21 09:00:18.136,N/A,0
2024/10/21 09:00:18.461,1.815080304421941e-7,N/A
2024/10/21 09:00:19.136,N/A,-0.0040000000000000036
2024/10/21 09:00:19.461,1.7988561652410691e-7,N/A
2024/10/21 09:00:20.136,N/A,0.006099999999999994
2024/10/21 09:00:20.461,1.7829242948300486e-7,N/A
2024/10/21 09:00:21.136,N/A,0
2024/10/21 09:00:21.462,1.7599504007094697e-7,N/A
2024/10/21 09:00:22.136,N/A,0.0009999999999998899
2024/10/21 09:00:22.461,1.741866050818699e-7,N/A
2024/10/21 09:00:23.136,N/A,0.007099999999999995
2024/10/21 09:00:23.461,1.726314866195658e-7,N/A
2024/10/21 09:00:24.136,N/A,0.0050000000000000044
2024/10/21 09:00:24.461,1.7126557797817482e-7,N/A
2024/10/21 09:00:25.136,N/A,0.008099999999999996
2024/10/21 09:00:25.461,1.6909249985078194e-7,N/A
2024/10/21 09:00:26.136,N/A,0.010099999999999998
2024/10/21 09:00:26.462,1.662491407786172e-7,N/A
2024/10/21 09:00:27.136,N/A,0.007099999999999995
2024/10/21 09:00:27.461,1.653174448070417e-7,N/A
2024/10/21 09:00:28.136,N/A,0.0009999999999998899
2024/10/21 09:00:28.461,1.6405839352711196e-7,N/A
2024/10/21 09:00:29.136,N/A,0.0020000000000000018
2024/10/21 09:00:29.461,1.6245855524065724e-7,N/A
2024/10/21 09:00:30.136,N/A,0.0020000000000000018
2024/10/21 09:00:30.461,1.6095015380285758e-7,N/A
2024/10/21 09:00:31.136,N/A,-0.0040000000000000036
2024/10/21 09:00:31.462,1.59144006815645e-7,N/A
2024/10/21 09:00:32.136,N/A,0.0020000000000000018
2024/10/21 09:00:32.461,1.5836278606805223e-7,N/A
2024/10/21 09:00:33.136,N/A,0.009099999999999997
2024/10/21 09:00:33.461,1.5723570020036217e-7,N/A
2024/10/21 09:00:34.136,N/A,0
2024/10/21 09:00:34.461,1.5614075022534297e-7,N/A
2024/10/21 09:00:35.136,N/A,0.009099999999999997
2024/10/21 09:00:35.461,1.5351167009091485e-7,N/A
2024/10/21 09:00:36.136,N/A,0.009099999999999997
2024/10/21 09:00:36.461,1.52838522954848e-7,N/A
2024/10/21 09:00:37.136,N/A,0.0040000000000000036
2024/10/21 09:00:37.461,1.5164025969999977e-7,N/A
2024/10/21 09:00:38.136,N/A,0.0040000000000000036
2024/10/21 09:00:38.461,1.5071980822586105e-7,N/A
2024/10/21 09:00:39.136,N/A,0
2024/10/21 09:00:39.461,1.488545075422342e-7,N/A
2024/10/21 09:00:40.136,N/A,0.009099999999999997
2024/10/21 09:00:40.461,1.4831122402816808e-7,N/A
2024/10/21 09:00:41.136,N/A,0.007099999999999995
2024/10/21 09:00:41.461,1.4724159087130445e-7,N/A
2024/10/21 09:00:42.136,N/A,0.009099999999999997
2024/10/21 09:00:42.461,1.4576336373975509e-7,N/A
2024/10/21 09:00:43.136,N/A,0.0050000000000000044
2024/10/21 09:00:43.461,1.4421819040748966e-7,N/A
2024/10/21 09:00:44.136,N/A,-0.005099999999999993
2024/10/21 09:00:44.461,1.4327839324083475e-7,N/A
2024/10/21 09:00:45.136,N/A,0.0009999999999998899
2024/10/21 09:00:45.461,1.4234817419040318e-7,N/A
2024/10/21 09:00:46.136,N/A,0.0040000000000000036
2024/10/21 09:00:46.461,1.41458512166758e-7,N/A
2024/10/21 09:00:47.136,N/A,0.008099999999999996
2024/10/21 09:00:47.462,1.4091243318272853e-7,N/A
2024/10/21 09:00:48.136,N/A,-0.0030000000000000027
2024/10/21 09:00:48.461,1.398188924291463e-7,N/A
2024/10/21 09:00:49.136,N/A,0.0040000000000000036
2024/10/21 09:00:49.461,1.3934538402250265e-7,N/A
2024/10/21 09:00:50.136,N/A,-0.0020000000000000018
2024/10/21 09:00:50.461,1.395792670604775e-7,N/A
2024/10/21 09:00:51.136,N/A,-0.0030000000000000027
2024/10/21 09:00:51.462,1.3840704746641093e-7,N/A
2024/10/21 09:00:52.136,N/A,0
2024/10/21 09:00:52.461,1.377390621321804e-7,N/A
2024/10/21 09:00:53.136,N/A,0.0020000000000000018
2024/10/21 09:00:53.468,1.370781384088483e-7,N/A
2024/10/21 09:00:54.136,N/A,0.0009999999999998899
2024/10/21 09:00:54.461,1.3474129630622662e-7,N/A
2024/10/21 09:00:55.136,N/A,0.0040000000000000036
2024/10/21 09:00:55.461,1.3452418213345152e-7,N/A
2024/10/21 09:00:56.136,N/A,0.0050000000000000044
2024/10/21 09:00:56.462,1.328395427978761e-7,N/A
2024/10/21 09:00:57.136,N/A,0.0040000000000000036
2024/10/21 09:00:57.461,1.318534340989403e-7,N/A
2024/10/21 09:00:58.136,N/A,0.0009999999999998899
2024/10/21 09:00:58.461,1.30933468055024e-7,N/A
2024/10/21 09:00:59.136,N/A,0.0030000000000000027
2024/10/21 09:00:59.461,1.3042734993389983e-7,N/A
2024/10/21 09:01:00.136,N/A,-0.0020000000000000018
2024/10/21 09:01:00.461,1.3020880211171983e-7,N/A
2024/10/21 09:01:01.136,N/A,0.0040000000000000036
2024/10/21 09:01:01.462,1.2905558608383405e-7,N/A
2024/10/21 09:01:02.137,N/A,0.0030000000000000027
2024/10/21 09:01:02.461,1.288617030679292e-7,N/A
2024/10/21 09:01:03.136,N/A,0.0020000000000000018
2024/10/21 09:01:03.461,1.2772935770639606e-7,N/A
2024/10/21 09:01:04.136,N/A,0
2024/10/21 09:01:04.461,1.2654854851563957e-7,N/A
2024/10/21 09:01:05.136,N/A,-0.005099999999999993
2024/10/21 09:01:05.461,1.2630573134266373e-7,N/A
2024/10/21 09:01:06.136,N/A,0.006099999999999994
2024/10/21 09:01:06.462,1.2496128029134515e-7,N/A
2024/10/21 09:01:07.136,N/A,-0.0030000000000000027
2024/10/21 09:01:07.461,1.2482106635697137e-7,N/A
2024/10/21 09:01:08.136,N/A,0.006099999999999994
2024/10/21 09:01:08.461,1.2402896643296268e-7,N/A
2024/10/21 09:01:09.136,N/A,-0.0020000000000000018
2024/10/21 09:01:09.461,1.234542774385644e-7,N/A
2024/10/21 09:01:10.136,N/A,-0.0010000000000000009
2024/10/21 09:01:10.461,1.2187078455705543e-7,N/A
2024/10/21 09:01:11.136,N/A,0.0030000000000000027
2024/10/21 09:01:11.461,1.2161418497549738e-7,N/A
2024/10/21 09:01:12.136,N/A,0.0050000000000000044
2024/10/21 09:01:12.461,1.207641949494262e-7,N/A
2024/10/21 09:01:13.136,N/A,-0.0020000000000000018
2024/10/21 09:01:13.461,1.2089522583260958e-7,N/A
2024/10/21 09:01:14.136,N/A,-0.0010000000000000009
2024/10/21 09:01:14.461,1.195277457124053e-7,N/A
2024/10/21 09:01:15.136,N/A,0.0050000000000000044
2024/10/21 09:01:15.461,1.1843944653628565e-7,N/A
2024/10/21 09:01:16.136,N/A,0.0040000000000000036
2024/10/21 09:01:16.462,1.1860165350412012e-7,N/A
2024/10/21 09:01:17.136,N/A,0.0020000000000000018
2024/10/21 09:01:17.461,1.182419239462944e-7,N/A
2024/10/21 09:01:18.136,N/A,-0.0020000000000000018
2024/10/21 09:01:18.461,1.1822741404559119e-7,N/A
2024/10/21 09:01:19.136,N/A,0.0020000000000000018
2024/10/21 09:01:19.461,1.1887696679406363e-7,N/A
2024/10/21 09:01:20.136,N/A,-0.009099999999999997
2024/10/21 09:01:20.461,1.167205491130921e-7,N/A
2024/10/21 09:01:21.136,N/A,-0.0010000000000000009
2024/10/21 09:01:21.462,1.1720284299141395e-7,N/A
2024/10/21 09:01:22.136,N/A,0.0040000000000000036
2024/10/21 09:01:22.461,1.167206035773102e-7,N/A
2024/10/21 09:01:23.136,N/A,0.0030000000000000027
2024/10/21 09:01:23.461,1.1624550129845653e-7,N/A
2024/10/21 09:01:24.136,N/A,-0.007099999999999995
2024/10/21 09:01:24.461,1.1599554957719134e-7,N/A
2024/10/21 09:01:25.136,N/A,-0.009099999999999997
2024/10/21 09:01:25.461,1.1474976014791318e-7,N/A
2024/10/21 09:01:26.136,N/A,0.0040000000000000036
2024/10/21 09:01:26.462,1.1409368686785953e-7,N/A
2024/10/21 09:01:27.136,N/A,0.0009999999999998899
2024/10/21 09:01:27.461,1.1363574609052351e-7,N/A
2024/10/21 09:01:28.136,N/A,-0.0020000000000000018
2024/10/21 09:01:28.461,1.1308161405551436e-7,N/A
2024/10/21 09:01:29.136,N/A,0.0009999999999998899
2024/10/21 09:01:29.461,1.1173570694117647e-7,N/A
2024/10/21 09:01:30.136,N/A,0.0020000000000000018
2024/10/21 09:01:30.461,1.1050879913705794e-7,N/A
2024/10/21 09:01:31.136,N/A,0.0050000000000000044
2024/10/21 09:01:31.461,1.1132597615714597e-7,N/A
2024/10/21 09:01:32.136,N/A,0.006099999999999994
2024/10/21 09:01:32.461,1.113531477468223e-7,N/A
2024/10/21 09:01:33.136,N/A,0.006099999999999994
2024/10/21 09:01:33.461,1.1065580744176831e-7,N/A
2024/10/21 09:01:34.136,N/A,0.008099999999999996
2024/10/21 09:01:34.461,1.0952372214989216e-7,N/A
2024/10/21 09:01:35.136,N/A,0
2024/10/21 09:01:35.461,1.0932831394498271e-7,N/A
2024/10/21 09:01:36.136,N/A,0.0030000000000000027
2024/10/21 09:01:36.462,1.0938796655755393e-7,N/A
2024/10/21 09:01:37.136,N/A,0.006099999999999994
2024/10/21 09:01:37.461,1.0891399327960851e-7,N/A
2024/10/21 09:01:38.136,N/A,0.0050000000000000044
2024/10/21 09:01:38.461,1.0860107824359548e-7,N/A
2024/10/21 09:01:39.136,N/A,-0.0010000000000000009
2024/10/21 09:01:39.461,1.0802783504942498e-7,N/A
2024/10/21 09:01:40.136,N/A,0
2024/10/21 09:01:40.461,1.0844561585594368e-7,N/A
2024/10/21 09:01:41.136,N/A,0.0030000000000000027
2024/10/21 09:01:41.461,1.071089460257615e-7,N/A
2024/10/21 09:01:42.136,N/A,0.011099999999999999
2024/10/21 09:01:42.461,1.074996448344491e-7,N/A
2024/10/21 09:01:43.136,N/A,0.008099999999999996
2024/10/21 09:01:43.461,1.0761437530067306e-7,N/A
2024/10/21 09:01:44.136,N/A,0.015100000000000002
2024/10/21 09:01:44.461,1.0698167461135603e-7,N/A
2024/10/21 09:01:45.136,N/A,0.006099999999999994
2024/10/21 09:01:45.461,1.056311043867769e-7,N/A
2024/10/21 09:01:46.136,N/A,0
2024/10/21 09:01:46.461,1.0627485853041472e-7,N/A
2024/10/21 09:01:47.136,N/A,0
2024/10/21 09:01:47.461,1.0532619596201014e-7,N/A
2024/10/21 09:01:48.136,N/A,0.0009999999999998899
2024/10/21 09:01:48.461,1.053017725529858e-7,N/A
2024/10/21 09:01:49.136,N/A,0.0009999999999998899
2024/10/21 09:01:49.461,1.0435906922055254e-7,N/A
2024/10/21 09:01:50.136,N/A,0.009099999999999997
2024/10/21 09:01:50.461,1.051348917658552e-7,N/A
2024/10/21 09:01:51.136,N/A,0.0020000000000000018
2024/10/21 09:01:51.461,1.0439671808401529e-7,N/A
2024/10/21 09:01:52.136,N/A,0.0020000000000000018
2024/10/21 09:01:52.461,1.0449794538673086e-7,N/A
2024/10/21 09:01:53.136,N/A,0
2024/10/21 09:01:53.461,1.0400511463790754e-7,N/A
2024/10/21 09:01:54.136,N/A,0.0020000000000000018
2024/10/21 09:01:54.462,1.044764440475658e-7,N/A
2024/10/21 09:01:55.136,N/A,-0.005099999999999993
2024/10/21 09:01:55.461,1.0330007989177622e-7,N/A
2024/10/21 09:01:56.136,N/A,0.0040000000000000036
2024/10/21 09:01:56.462,1.0331063665583452e-7,N/A
2024/10/21 09:01:57.136,N/A,-0.0010000000000000009
2024/10/21 09:01:57.461,1.0186038864160285e-7,N/A
2024/10/21 09:01:58.136,N/A,0
2024/10/21 09:01:58.461,1.0166489485501047e-7,N/A
2024/10/21 09:01:59.136,N/A,0.0030000000000000027
2024/10/21 09:01:59.461,1.0064996307956358e-7,N/A
2024/10/21 09:02:00.136,N/A,0.0050000000000000044
2024/10/21 09:02:00.461,1.0026745458989693e-7,N/A
2024/10/21 09:02:01.136,N/A,0.0030000000000000027
2024/10/21 09:02:01.461,1.0007632554058687e-7,N/A
2024/10/21 09:02:02.136,N/A,0.007099999999999995
2024/10/21 09:02:02.461,9.963763133406461e-8,N/A
2024/10/21 09:02:03.136,N/A,0.006099999999999994
2024/10/21 09:02:03.461,9.910013985282108e-8,N/A
2024/10/21 09:02:04.136,N/A,0.0040000000000000036
2024/10/21 09:02:04.461,9.938132040257433e-8,N/A
2024/10/21 09:02:05.136,N/A,0.007099999999999995
2024/10/21 09:02:05.461,9.935503018236337e-8,N/A
2024/10/21 09:02:06.136,N/A,0.012099999999999889
2024/10/21 09:02:06.461,9.926966972957431e-8,N/A
2024/10/21 09:02:07.136,N/A,0.0009999999999998899
2024/10/21 09:02:07.461,9.901924910296822e-8,N/A
2024/10/21 09:02:08.136,N/A,0.010099999999999998
2024/10/21 09:02:08.461,9.930909695540148e-8,N/A
2024/10/21 09:02:09.136,N/A,-0.0010000000000000009
2024/10/21 09:02:09.461,9.879315219544802e-8,N/A
2024/10/21 09:02:10.136,N/A,0.0030000000000000027
2024/10/21 09:02:10.461,9.907142763112929e-8,N/A
2024/10/21 09:02:11.136,N/A,0.0030000000000000027
2024/10/21 09:02:11.461,9.881848679660128e-8,N/A
2024/10/21 09:02:12.136,N/A,0.0020000000000000018
2024/10/21 09:02:12.461,9.84699983459887e-8,N/A
2024/10/21 09:02:13.136,N/A,0.015100000000000002
2024/10/21 09:02:13.461,9.8354873749968e-8,N/A
2024/10/21 09:02:14.136,N/A,0
2024/10/21 09:02:14.461,9.855738448148253e-8,N/A
2024/10/21 09:02:15.136,N/A,0.0040000000000000036
2024/10/21 09:02:15.461,9.775343821086446e-8,N/A
2024/10/21 09:02:16.136,N/A,0.0030000000000000027
2024/10/21 09:02:16.461,9.794703200928075e-8,N/A
2024/10/21 09:02:17.136,N/A,0.012099999999999889
2024/10/21 09:02:17.461,9.645374768657165e-8,N/A
2024/10/21 09:02:18.136,N/A,0.0009999999999998899
2024/10/21 09:02:18.461,9.656202847274767e-8,N/A
2024/10/21 09:02:19.136,N/A,-0.0030000000000000027
2024/10/21 09:02:19.461,9.578016851116655e-8,N/A
2024/10/21 09:02:20.136,N/A,0.0030000000000000027
2024/10/21 09:02:20.461,9.558153563252473e-8,N/A
2024/10/21 09:02:21.136,N/A,0.0040000000000000036
2024/10/21 09:02:21.461,9.490014182129576e-8,N/A
2024/10/21 09:02:22.136,N/A,0.0050000000000000044
2024/10/21 09:02:22.461,9.488001762476166e-8,N/A
2024/10/21 09:02:23.136,N/A,0
2024/10/21 09:02:23.461,9.461406703345286e-8,N/A
2024/10/21 09:02:24.136,N/A,0.0020000000000000018
2024/10/21 09:02:24.461,9.411335779139387e-8,N/A
2024/10/21 09:02:25.136,N/A,0.006099999999999994
2024/10/21 09:02:25.461,9.395140619695701e-8,N/A
2024/10/21 09:02:26.136,N/A,0.007099999999999995
2024/10/21 09:02:26.461,9.332774007740686e-8,N/A
2024/10/21 09:02:27.136,N/A,-0.0040000000000000036
2024/10/21 09:02:27.461,9.310686186946136e-8,N/A
2024/10/21 09:02:28.136,N/A,0.0020000000000000018
2024/10/21 09:02:28.461,9.31325852021395e-8,N/A
2024/10/21 09:02:29.136,N/A,0
2024/10/21 09:02:29.461,9.345431285647585e-8,N/A
2024/10/21 09:02:30.136,N/A,0.007099999999999995
2024/10/21 09:02:30.461,9.225204317740726e-8,N/A
2024/10/21 09:02:31.136,N/A,0.0030000000000000027
2024/10/21 09:02:31.462,9.230224928440724e-8,N/A
2024/10/21 09:02:32.136,N/A,0.0050000000000000044
2024/10/21 09:02:32.461,9.233677644608456e-8,N/A
2024/10/21 09:02:33.136,N/A,0.0030000000000000027
2024/10/21 09:02:33.461,9.175494956564437e-8,N/A
2024/10/21 09:02:34.136,N/A,0.0050000000000000044
2024/10/21 09:02:34.461,9.18599485351552e-8,N/A
2024/10/21 09:02:35.136,N/A,0.008099999999999996
2024/10/21 09:02:35.461,9.145725027024076e-8,N/A
2024/10/21 09:02:36.136,N/A,0.0020000000000000018
2024/10/21 09:02:36.462,9.159609468438884e-8,N/A
2024/10/21 09:02:37.136,N/A,0.0020000000000000018
2024/10/21 09:02:37.461,9.141612001994873e-8,N/A
2024/10/21 09:02:38.136,N/A,0.0040000000000000036
2024/10/21 09:02:38.461,9.10545540995052e-8,N/A
2024/10/21 09:02:39.136,N/A,0.0009999999999998899
2024/10/21 09:02:39.461,9.165590833180255e-8,N/A
2024/10/21 09:02:40.136,N/A,0.0009999999999998899
2024/10/21 09:02:40.461,9.176081537308655e-8,N/A
2024/10/21 09:02:41.136,N/A,0.0040000000000000036
2024/10/21 09:02:41.462,9.19703460839082e-8,N/A
2024/10/21 09:02:42.136,N/A,0.0050000000000000044
2024/10/21 09:02:42.461,9.113701799385855e-8,N/A
2024/10/21 09:02:43.136,N/A,0.010099999999999998
2024/10/21 09:02:43.461,9.108032667289594e-8,N/A
2024/10/21 09:02:44.136,N/A,0.0009999999999998899
2024/10/21 09:02:44.461,9.128527918894595e-8,N/A
2024/10/21 09:02:45.136,N/A,0.007099999999999995
2024/10/21 09:02:45.461,9.026894081675977e-8,N/A
2024/10/21 09:02:46.136,N/A,0.007099999999999995
2024/10/21 09:02:46.462,8.959594110770732e-8,N/A
2024/10/21 09:02:47.136,N/A,0
2024/10/21 09:02:47.461,8.911735959821537e-8,N/A
2024/10/21 09:02:48.136,N/A,0.0050000000000000044
2024/10/21 09:02:48.461,8.874989305702913e-8,N/A
2024/10/21 09:02:49.136,N/A,0.0050000000000000044
2024/10/21 09:02:49.461,8.856261643540356e-8,N/A
2024/10/21 09:02:50.136,N/A,0.0009999999999998899
2024/10/21 09:02:50.461,8.890175832646865e-8,N/A
2024/10/21 09:02:51.136,N/A,0.0050000000000000044
2024/10/21 09:02:51.209,8.890175832646865e-8,0.0050000000000000044
